,SeqName,3,4,5
0,WP_011793178.1,"24, 50, 94","72, 92","61, 85"
1,WP_010937346.1,,,
2,WP_010937351.1,"6, 54, 63, 118, 150","38, 55, 134, 170, 52","41, 122, 154"
3,WP_010937376.1,"31, 205, 225, 213, 231, 265, 46, 77, 87, 100, 128, 135, 144, 152, 164, 230",,
4,WP_010937444.1,"76, 97, 197, 21","104, 124","54, 121, 122"
5,WP_010937447.1,"20, 46, 61, 10, 12, 28, 31, 72",16,"11, 35, 65"
6,WP_010937457.1,"49, 55, 122, 133, 135, 178, 179, 248, 250","113, 260",
7,WP_010937461.1,"41, 52",5,
8,WP_164928113.1,"61, 65, 115, 132, 107, 111, 33, 81, 122, 138, 157, 160, 180","36, 63, 69, 70, 100, 101, 146, 161, 164","15, 18, 19, 20, 27, 29, 30, 32, 35, 45, 66, 79, 92, 97, 103, 112, 125, 126, 129, 135, 149, 176, 177"
9,WP_164928116.1,"167, 22, 44, 73, 191, 194, 199, 204, 216, 218, 262, 264, 268, 319",,"86, 89, 118, 220, 222"
10,WP_010937571.1,"58, 59, 73, 96, 102, 154, 156, 162, 181","152, 126",52
11,WP_010937574.1,170,84,
12,WP_010937575.1,"42, 123, 143, 149, 155, 180, 231, 278, 309, 317, 322, 354, 376, 393, 12, 23, 77, 277, 25",,34
13,WP_010937583.1,94,,"48, 62"
14,WP_010937610.1,"17, 32, 34, 53, 61, 89","21, 66, 74",
15,WP_010937644.1,"117, 122, 142, 237, 253, 255, 265, 306, 315, 319, 342, 356, 358, 369, 405, 409, 435, 449, 451, 453, 455, 457, 461, 465, 469, 484, 508, 520, 548, 549, 550, 553, 555, 556, 571, 581, 590, 610, 611, 612, 615, 625, 627, 631, 632, 640",,"137, 189, 217, 239, 483"
16,WP_014524219.1,"98, 104, 48, 259, 282, 297, 342, 361, 364, 373, 401, 409, 418, 420, 454, 459, 462, 477, 481, 504, 510, 514, 535, 543",,313
17,WP_010937679.1,"27, 112, 204, 55","59, 80, 142, 173",90
18,WP_014524228.1,"88, 94, 145, 203, 212, 226, 242, 133, 210, 241","87, 90, 100, 109, 125, 132, 137, 146, 150, 176",111
19,WP_010937706.1,"114, 134, 222, 223, 233, 230",,235
20,WP_010937707.1,"40, 146, 173, 26, 76, 158, 46, 77",,66
21,WP_010937746.1,"18, 33, 59, 63, 68, 81","24, 46","1, 67, 78"
22,WP_014524242.1,,25,
23,WP_010937762.1,"26, 43, 49, 76, 81, 87, 110, 122, 152, 157, 187, 199, 240, 252","50, 61, 104, 140, 182","41, 143, 167, 169, 193, 233"
24,WP_010937793.1,"18, 38, 74, 77, 79","35, 75",
25,WP_010937802.1,"554, 555, 557, 572, 574, 629, 632, 642, 655, 663, 669, 670, 685, 686, 696, 720, 736, 737, 739, 752, 753, 754, 759, 762, 765, 769, 771, 780, 792, 810, 817, 838, 860, 866, 874, 875, 919, 934, 943, 958, 963, 973, 1000, 1006, 1014, 530, 560, 589, 606, 611, 680, 727, 797, 871, 418, 647, 688, 818, 848, 927, 960","520, 558, 561, 622, 678, 681, 705, 781, 787, 877, 906, 908, 915, 938, 961, 971, 559, 658, 662, 694, 711, 747, 794, 830, 840, 843, 851, 898","516, 551, 601, 614, 616, 621, 625, 628, 659, 666, 674, 675, 693, 698, 701, 706, 712, 715, 728, 744, 748, 749, 750, 751, 757, 758, 760, 761, 763, 773, 776, 788, 789, 790, 791, 793, 795, 798, 799, 801, 803, 806, 813, 815, 821, 832, 837, 841, 846, 849, 850, 856, 862, 867, 896, 900, 903, 904, 905, 909, 922, 924, 926, 928, 932, 933, 935, 936, 937, 940, 942, 962, 964, 965, 966, 967, 970, 987, 997, 999, 1001, 1003, 1008, 1011"
26,WP_164561746.1,"8, 19, 28, 54",59,
27,WP_010937807.1,"83, 133, 134","139, 93",
28,WP_010937830.1,"64, 88, 72",,
29,WP_010937898.1,"26, 68, 69, 109","47, 64, 82, 88, 98",74
30,WP_010937906.1,"27, 77, 52, 70","19, 63",
31,WP_010937937.1,"68, 172, 74, 91, 173",,
32,WP_010937954.1,"2, 21, 30, 60, 81, 89, 123, 145, 147, 152, 166, 258, 261, 272, 283, 293, 306, 310, 324, 358","109, 195, 253, 267, 339, 361","67, 84"
33,WP_010937972.1,"30, 38, 231","15, 25, 51, 69, 73, 93, 105, 109, 115, 133, 159, 174, 188, 219, 224, 229, 232, 237","92, 94, 162, 163, 179"
34,WP_010938012.1,"87, 186, 200, 203","45, 65, 136, 137, 143","13, 42, 44, 129, 144, 189, 193, 197"
35,WP_010938030.1,"75, 79, 4, 5, 71, 76",,
36,WP_010938032.1,"97, 336, 343, 34, 40, 68, 69, 93, 98, 100, 102, 112, 145, 255, 257","21, 31",
37,WP_011792721.1,"21, 34, 68","50, 70, 72","10, 23, 44, 45, 51"
38,WP_010938074.1,17,,
39,WP_010938122.1,"179, 55, 108","72, 140, 182, 146",99
40,WP_010938236.1,"120, 20, 75",62,
41,WP_010938238.1,"216, 130, 88, 193, 240",,
42,WP_010938240.1,"35, 66, 77, 83, 85, 86, 92, 107, 124, 165, 167, 171, 204, 221, 281, 310, 327, 328, 332, 334, 342, 353, 357, 360, 366, 372, 378, 382, 384, 386, 388, 408, 429, 449, 465, 474, 505, 507, 535, 538, 547, 554, 564, 575, 576, 579, 641, 679, 700, 722, 736, 738, 756, 775, 778, 796, 805, 816, 817, 819, 829, 863, 864, 873, 877, 881, 882, 897, 900, 910, 920, 925, 928, 929, 5, 6, 29, 30, 42, 47, 49, 50, 53, 55, 56, 57, 69, 75, 79, 80, 84, 87, 91, 95, 104, 116, 121, 123, 126, 136, 153, 155, 176, 185, 208, 213, 216, 218, 223, 241, 288, 298, 309, 316, 317, 355, 359, 365, 371, 389, 395, 396, 406, 409, 416, 451, 456, 478, 483, 498, 513, 537, 563, 565, 567, 568, 574, 578, 591, 594, 595, 597, 650, 654, 668, 670, 676, 684, 685, 689, 726, 737, 764, 785, 787, 823, 839, 844, 876, 890, 894, 904, 911, 915","144, 220, 277, 293, 302, 313, 338, 344, 443, 533, 546, 548, 556, 600, 637, 705, 930","16, 26, 40, 45, 51, 58, 61, 62, 63, 65, 67, 68, 70, 71, 74, 88, 90, 93, 94, 96, 99, 101, 103, 109, 112, 113, 115, 119, 120, 122, 125, 127, 134, 137, 138, 139, 154, 156, 158, 159, 160, 161, 162, 181, 189, 190, 191, 193, 196, 199, 200, 202, 207, 212, 214, 231, 238, 259, 279, 282, 283, 295, 306, 308, 314, 318, 319, 320, 337, 340, 341, 343, 352, 367, 374, 375, 381, 411, 412, 422, 446, 448, 457, 468, 494, 504, 511, 517, 544, 549, 569, 570, 596, 644, 669, 693, 710, 718, 780, 783, 784, 786, 802, 815, 820, 824, 825, 826, 827, 837, 843, 845, 846, 847, 848, 852, 853, 885, 899, 914"
43,WP_014524297.1,"39, 46, 158, 159, 37","43, 47, 91",
44,WP_010938273.1,"52, 55, 64, 73, 79","14, 25, 26, 36, 43, 76, 96",
45,WP_014524301.1,"54, 206, 291, 81, 91, 146, 192, 218, 251","207, 85, 111, 155, 205, 209, 212, 232, 255","103, 113, 126, 229, 247, 248"
46,WP_011792587.1,"105, 177, 201, 219, 220, 50, 158, 168, 187",199,
47,WP_010938333.1,"11, 176, 188, 250, 12",,
48,WP_010938371.1,"182, 212",,
49,WP_010938400.1,"23, 25, 66, 70, 74, 77, 104, 118, 153, 156, 203, 213, 214","12, 30, 94, 31, 53","79, 186"
50,WP_010938404.1,"100, 106, 177, 228, 255, 97, 154, 234, 252, 153","123, 183","54, 73"
51,WP_010938412.1,"164, 104",,
52,WP_010938421.1,"38, 134, 321, 377, 463, 35, 136, 195, 255, 431, 462, 471","8, 12, 60, 119, 125, 135, 138, 166, 236, 369, 381, 458","29, 32, 315"
53,WP_014524317.1,"91, 60, 154","15, 54, 165","32, 100"
54,WP_010938437.1,"29, 34, 60, 123, 159","25, 51, 93, 118, 119","87, 99, 117, 186, 193"
55,WP_010938446.1,"180, 181, 208, 298, 303, 306, 312, 337, 338, 190, 226, 264, 307","100, 101, 135, 162, 299","152, 205, 209, 211, 212, 216, 217, 246"
56,WP_014524324.1,84,54,
57,WP_010938471.1,"100, 3, 8, 18, 28, 31, 38, 54, 60, 80, 81","23, 47, 85",
58,WP_014524325.1,"40, 63, 88, 196","123, 31, 68, 176",167
59,WP_150103628.1,"33, 46, 54, 211, 262","148, 165",
60,WP_010938515.1,"21, 143, 187, 194, 205, 210, 224, 230, 241, 286, 321, 375, 377, 382, 399, 410, 480, 504, 566, 633, 661, 334, 518, 673, 682","77, 78, 104, 468, 703, 13, 214, 234, 431","35, 39, 44, 131, 147, 153, 186, 190, 208, 226, 288, 319, 320, 324, 356, 423, 456, 458, 467, 553, 587, 624, 637, 677, 678"
61,WP_010938518.1,"56, 60, 89, 159, 160, 162, 168, 169",63,"46, 51"
62,WP_010938531.1,"38, 63, 66, 74, 184, 200, 100, 147, 187","131, 134, 168, 172, 194","124, 126"
63,WP_014524340.1,"104, 113, 140, 160, 165, 198, 204, 208, 253, 256, 378, 412","229, 237, 242, 321, 325, 369",410
64,WP_014524341.1,"12, 170, 208","176, 178, 261","175, 266"
65,WP_010938596.1,23,29,
66,WP_010938657.1,"45, 55, 122, 182, 210, 221, 275, 283, 288, 315",,"42, 63, 73, 78, 85, 86, 110, 117, 147, 167, 170, 194, 211, 217, 223, 228, 256, 264, 267, 269, 280, 287, 301"
67,WP_010938665.1,"219, 9, 126, 139","44, 49, 175, 195, 196","205, 206"
68,WP_014524348.1,"122, 15",,
69,WP_010938751.1,"6, 13, 29","31, 35, 39, 51, 61, 62, 70, 96, 112, 114, 147, 149, 162, 176, 198, 213, 216, 238","97, 111, 120, 136, 173, 188, 227"
70,WP_010938771.1,"45, 51, 86, 137, 143, 144, 169, 179, 180, 185, 215, 228, 229, 232, 242, 243, 258, 287",,"55, 94, 98, 99, 100, 119, 155"
71,WP_014524436.1,"33, 85, 87, 12, 101, 114, 125, 128, 134, 155, 173, 190","75, 127, 149","72, 74, 104"
72,WP_010938780.1,"47, 93","16, 17, 30, 35, 44, 48, 134, 105","13, 31, 32, 34, 97, 99, 103, 111"
73,WP_010938786.1,"73, 77, 97, 241, 252, 264, 308, 312, 318, 341, 367, 387, 275, 284","37, 101, 349",
74,WP_010938791.1,"55, 71",,
75,WP_010938798.1,44,,
76,WP_010938805.1,"72, 79, 110","108, 123",109
77,WP_014524429.1,"78, 63, 101, 105, 111",65,
78,WP_010938812.1,"160, 191, 220, 259, 316, 283, 148",,
79,WP_014524426.1,33,,
80,WP_010938815.1,"44, 114, 131, 94, 120, 124, 144, 169, 193, 198, 226, 267, 271, 303, 311",162,"136, 207, 305"
81,WP_010938817.1,"19, 82, 185",126,
82,WP_010938830.1,"67, 163",112,
83,WP_010938847.1,"16, 48, 57, 68",79,
84,WP_010938850.1,"12, 13, 21, 25, 26, 28, 30, 34, 36, 46, 55, 56, 64, 68, 72, 79, 83, 85, 86, 92, 113, 118, 123, 128, 145, 167, 175, 176, 178, 220, 223, 226, 228, 229, 230, 253, 259, 262, 271, 525, 537, 582, 617, 619, 627, 634, 641, 652, 654, 661, 716, 731, 749, 758, 201","114, 126, 130, 181, 198, 202, 217, 254, 513, 583, 609, 614",608
85,WP_010938872.1,76,31,
86,WP_010938873.1,"119, 41, 199, 65","149, 238",121
87,WP_011792331.1,"55, 91",,
88,WP_010938898.1,"7, 83, 94, 161, 34, 104, 115, 166, 173, 178","40, 87, 199, 65, 147","42, 186"
89,WP_011792315.1,"41, 52, 62, 66, 80, 104, 128, 155, 177","64, 60, 143, 174",152
90,WP_011792312.1,"42, 100, 105, 149, 200, 208, 19, 20, 25, 47, 78",55,
91,WP_010940650.1,"39, 58, 59",,
92,WP_010938972.1,"373, 465, 69, 135, 143, 148, 167, 174, 178, 256, 315, 445","53, 171, 330, 541, 318, 341, 398, 428, 438, 535, 539, 550, 559, 560","152, 427, 436, 491, 515"
93,WP_014524401.1,"100, 191, 320, 9, 29, 37, 86, 198, 206, 225","181, 192",201
94,WP_010939001.1,"60, 24",,
95,WP_010939002.1,"130, 302, 321, 355, 367, 387, 469, 528, 39, 70, 85, 87, 142, 145, 240, 249, 261, 426, 448, 496, 554, 612","90, 91, 115, 478",651
96,WP_010939003.1,"24, 30, 75, 79",,"9, 12, 15, 16, 50, 63, 123, 128, 131, 138, 185"
97,WP_010939006.1,"4, 22, 80, 138, 220, 121",286,
98,WP_010939009.1,,,"12, 14, 20, 24, 36, 48, 62, 64, 66, 70, 79, 84, 86, 104, 107, 108, 111, 135, 138, 139, 146, 161, 164, 165, 173, 179, 182, 195, 204, 207, 211, 239, 242, 248, 252, 256, 257, 269, 270, 278, 280, 284, 287, 318, 334, 340, 354, 360, 377, 380, 387, 393, 406, 415, 422, 425, 434, 442, 447, 464, 465, 485, 488, 489, 499, 507"
99,WP_010939011.1,"22, 133, 138, 146, 152","10, 163, 20, 111, 151","112, 139, 144"
100,WP_010939012.1,"114, 130, 137, 144, 237, 245, 342, 431, 53, 129, 271, 303, 333, 344, 348, 361, 366, 417","113, 117, 192, 198, 354, 476, 477","48, 87, 91, 189, 291, 332, 388, 391, 424"
101,WP_010939014.1,"9, 76",,
102,WP_014524399.1,"599, 661, 756, 899",851,
103,WP_010939024.1,32,,
104,WP_010939025.1,"52, 20","25, 46, 53",
105,WP_014524394.1,"14, 53, 130, 157, 168, 227, 237, 258, 299, 328, 331, 335, 414, 490, 531",,"20, 38, 47, 124, 127, 135, 172, 290, 295, 301, 420, 434, 436, 457, 469, 477, 484, 485, 496, 498, 536, 557, 582, 585"
106,WP_010939042.1,"12, 37, 40, 43, 47, 48, 62, 68, 73, 107","21, 29, 57","46, 53"
107,WP_014524389.1,"8, 18",52,
108,WP_010939062.1,"22, 185, 206, 289, 101, 116, 233, 53, 182, 189","97, 126, 74","118, 125, 127, 131, 181, 183, 186, 250"
109,WP_010940655.1,"27, 29, 36, 103, 112, 113, 125, 208, 209, 287, 292, 295, 16, 128, 129, 243","24, 147, 235, 189","6, 7, 35, 64, 92, 97, 98, 101, 123, 130, 151, 161, 185, 194, 257, 259"
110,WP_010939108.1,"28, 60, 61, 63, 78, 141, 154, 169, 175, 248, 17, 67, 95, 97, 102, 121, 134, 140, 153, 173, 192, 228, 244","82, 108, 136, 138, 146, 147, 150, 178, 232","44, 53, 57, 64, 74, 76, 83, 88, 89, 91, 98, 114, 117, 148, 151, 157, 176, 179"
111,WP_014524380.1,"6, 68, 89, 199, 77",180,
112,WP_010939152.1,"78, 119, 81, 150, 201, 208, 210, 218, 222","10, 44, 86, 115, 124, 178, 224, 168, 217","41, 48, 130, 146, 177"
113,WP_010939173.1,"135, 139, 201, 276, 310, 312, 359, 360, 416","297, 249, 262, 278, 281, 366, 429","147, 153, 208, 254, 257, 269, 270, 363"
114,WP_010939266.1,112,"19, 104",
115,WP_010939277.1,"8, 97, 105, 111, 114, 158, 162, 165, 188, 190, 195, 206, 294, 310, 321, 325, 327",170,"6, 77, 78, 131, 135, 196"
116,WP_010939305.1,"21, 108",,
117,WP_010939313.1,"175, 275, 43, 59, 192, 194","67, 284, 287, 293","96, 134, 152, 168"
118,WP_010939319.1,"23, 36, 48, 71",,
119,WP_010939320.1,"61, 72, 65","48, 54, 82, 87","18, 20, 47"
120,WP_010939323.1,"8, 90, 131, 189, 197, 247, 270, 303, 304, 339, 350, 402, 408, 451, 497, 511, 530","11, 132, 177, 272, 383, 430, 437, 442, 447, 466, 474, 479, 500, 314, 427","368, 370, 372, 373, 403, 439, 467, 480, 509"
121,WP_010939329.1,"92, 94, 103, 105, 180, 203, 245, 258, 273, 278, 281, 282, 285, 319, 324, 341, 364, 388, 391, 397, 408",313,168
122,WP_010940661.1,"31, 39",75,
123,WP_010939349.1,"54, 83, 111, 32, 271","49, 126, 136, 177","15, 29"
124,WP_010940668.1,"11, 23, 45, 85",,"17, 32, 64, 100"
125,WP_014524458.1,"9, 76, 79, 90, 132, 140, 144, 147, 150, 203, 206",,"81, 91, 98, 109, 116, 118, 122, 129, 133, 141, 145, 148, 153, 154, 159, 170, 178, 189, 205"
126,WP_010939385.1,"3, 44, 102, 64, 65, 94","1, 21, 23, 41, 67, 68, 97, 87","5, 14, 20, 22, 26, 63, 73, 76, 105, 107"
127,WP_010939407.1,"47, 57, 58","56, 119",
128,WP_010939429.1,"113, 192, 219, 250, 270, 126, 273, 310","272, 324","162, 246, 248, 309"
129,WP_041722685.1,,"57, 66",
130,WP_010939436.1,"25, 197, 222, 239, 292, 132",88,
131,WP_010939437.1,"98, 136, 50","12, 20, 54","14, 52"
132,WP_010939438.1,"147, 76, 82",,
133,WP_010939440.1,"32, 33",34,"17, 27, 36, 40"
134,WP_010939449.1,"46, 37, 48, 55",30,
135,WP_010939458.1,"13, 21, 101, 110, 111, 121, 123, 203, 214, 215, 218, 222, 224, 225, 236, 243",,
136,WP_010939467.1,26,36,
137,WP_010939470.1,"17, 62","42, 67",37
138,WP_010939487.1,"2, 8, 99, 23",,"10, 21, 28, 30, 31, 41, 56, 59, 63, 76, 80, 82, 94, 106, 109, 112, 115, 117, 119"
139,WP_010939498.1,"21, 29, 74, 77, 100, 103, 107",,"49, 64, 67"
140,WP_010939499.1,"27, 37, 56, 87, 170, 183, 186, 189, 76",151,52
141,WP_010939536.1,"15, 49, 56, 188, 222, 224, 312, 344, 352, 498, 536, 264, 382, 388","287, 556, 530","502, 526"
142,WP_010939559.1,"5, 12, 82, 85, 107, 163, 168",138,97
143,WP_010940659.1,"264, 257","216, 277, 338","131, 165, 201, 226, 353, 396"
144,WP_010939597.1,"100, 104, 116",,
145,WP_010939608.1,"61, 190, 300, 377, 448, 469, 502, 371","73, 343, 364, 487","340, 472"
146,WP_010939624.1,104,,97
147,WP_010939654.1,109,,5
148,WP_010940660.1,"42, 52, 132, 364, 371, 575, 14, 47, 98, 166, 276, 426, 484, 678, 228","310, 325, 414, 445",339
149,WP_150103623.1,"108, 129, 131, 207, 231, 250, 269, 146","216, 234",
150,WP_010939686.1,"6, 48, 149, 161, 311, 357, 502, 536, 348, 352, 366, 379, 437, 507, 557","49, 67, 159, 218, 244, 264, 272, 278, 291, 295, 306, 309, 498, 515, 519, 345, 354",
151,WP_010939692.1,"4, 9, 15, 21, 25, 39, 53, 58, 66, 69, 84","49, 83","1, 32, 70"
152,WP_011791841.1,"54, 63, 84, 127, 129, 132, 135, 169","2, 13, 14, 25, 78, 97, 117, 125, 126","11, 12, 16, 112, 120"
153,WP_011791839.1,"54, 95, 145, 18, 122, 132",9,"13, 32, 129, 158"
154,WP_014524519.1,"14, 17, 39, 43, 63, 122, 229, 138","5, 13, 19, 88, 108, 143, 147, 151","102, 105, 106, 140"
155,WP_010939734.1,"25, 43, 40, 173, 204, 218, 277, 278, 339, 419, 469, 300, 359, 427","378, 402, 465",
156,WP_010939792.1,"31, 39, 60, 102, 110, 130",,
157,WP_014524530.1,"65, 47, 96, 115","4, 44, 48, 60, 75, 99, 116, 136, 159","46, 68, 74, 76, 77, 78, 79, 98, 137"
158,WP_014524532.1,"25, 45, 48, 113, 116, 117, 136, 140, 154, 157, 161, 164, 168, 169, 171, 191, 197, 206, 230, 231, 232, 234, 284, 286, 298, 301",,"22, 53, 55, 78"
159,WP_010939865.1,"28, 19, 67, 115, 154",,"22, 110, 148"
160,WP_010939868.1,"18, 30, 70, 79, 161",,"9, 12, 16, 23, 35, 50, 52, 81, 122, 125, 143, 148, 158, 170, 177"
161,WP_010940670.1,"5, 23, 57, 81, 139, 207, 235","30, 285",
162,WP_010939873.1,"8, 19, 23, 35, 45, 64, 70, 77, 84, 86, 87, 104, 107, 108, 109, 131, 140, 164, 165, 173, 182, 184, 196, 249, 251, 257, 268, 274, 277, 278, 279, 280, 286, 288, 292, 313, 319, 326, 333, 338, 342, 348, 367, 376, 384, 385, 387, 394, 399, 400, 402, 409, 410, 413, 414, 422, 432, 448, 453, 462, 469, 470, 471, 491, 512","495, 532","69, 135, 260, 263, 429"
163,WP_010939880.1,"105, 121, 135, 228, 236, 347, 436, 445, 44, 120, 262, 338, 349, 353, 371, 387","104, 108, 183, 189, 268, 359, 481, 482","39, 78, 82, 180, 282, 337, 393, 396, 429"
164,WP_014524537.1,"47, 68, 70, 99, 103, 110, 120, 124, 129, 132, 152, 160, 174, 178, 187, 271, 355, 356, 67, 109, 163, 296, 372",251,"69, 98, 105, 107, 121, 127, 128, 182, 186, 310, 351"
165,WP_010939892.1,"59, 63",92,
166,WP_010939898.1,"43, 64, 73, 92, 115, 128, 152, 182, 85",,"136, 170"
167,WP_010939907.1,"57, 147, 149, 89, 114, 119","31, 47, 55, 98, 99, 129, 254, 296","73, 275, 283"
168,WP_014524543.1,"7, 54, 162, 69, 128",,
169,WP_010939932.1,"37, 66, 145, 25, 26, 31, 48, 69, 118","54, 74, 84, 100, 102, 104, 105, 109, 117, 23","42, 52, 112"
170,WP_014524550.1,"1, 6, 24, 46, 48, 78, 84, 93, 96, 104, 106, 111, 132",69,
171,WP_014524554.1,"53, 55, 107",8,
172,WP_010939962.1,"16, 45","12, 46",
173,WP_010939963.1,"139, 63, 64, 105",136,"43, 88, 91, 107, 126"
174,WP_010940676.1,"39, 50, 60, 66, 71, 72, 90, 120, 125, 156",,"137, 140, 166"
175,WP_010939990.1,"211, 216, 104, 237","169, 373, 388",
176,WP_010940672.1,"56, 325, 61, 140","27, 218, 277, 340, 344","19, 21, 243, 318"
177,WP_010940012.1,"30, 47, 105, 123, 134, 182, 213, 219, 224, 4, 67","36, 78, 82, 145, 216, 297","13, 68, 214, 299"
178,WP_010940013.1,"111, 309, 464, 526, 54, 312, 338, 437, 337, 716, 868, 882, 927, 954","21, 946",
179,WP_011791684.1,"59, 37","52, 68, 109, 111, 118, 120, 134, 166, 182, 206, 208, 217, 236, 253","63, 64, 116, 139, 148, 171, 173, 197, 198, 200, 203, 205, 248"
180,WP_010940069.1,"25, 31, 32, 35, 43, 51, 95, 105, 123, 125, 143, 144, 147, 157, 189, 198, 309, 311, 312, 318, 330, 345, 352, 356, 358, 388, 397, 415, 419, 424, 435, 440, 449, 469","322, 333","106, 208, 347, 362, 369, 441, 458"
181,WP_010940100.1,"7, 78",,
182,WP_010940103.1,"76, 78, 79, 107, 230, 278, 299, 310, 346",150,88
183,WP_010940105.1,"91, 132","71, 83",
184,WP_010940106.1,"2, 4, 13, 39, 76, 119, 152, 166, 171, 182, 200, 213, 216, 222, 228","60, 97, 185",
185,WP_010940110.1,"19, 184, 245, 6, 22, 102, 103, 156, 163, 219, 229","8, 158","138, 177, 214, 264"
186,WP_010940128.1,"54, 58, 108, 125, 100, 104, 26, 74, 115, 131, 150, 153, 173","29, 56, 62, 63, 93, 94, 139, 154, 157","8, 11, 12, 13, 20, 22, 23, 25, 28, 38, 59, 72, 85, 90, 96, 105, 118, 119, 122, 128, 142, 169, 170"
187,WP_010940134.1,"35, 90, 122, 139, 14, 129, 134",57,"85, 88"
188,WP_014524585.1,"79, 102, 121, 176, 280, 130, 195, 236, 118","204, 221, 200",99
189,WP_010940220.1,"14, 81, 21, 46, 64, 91, 92, 93","8, 67, 68, 83, 89","7, 18, 27, 63, 101, 103"
190,WP_010940223.1,"16, 51, 70, 104, 124, 15, 18, 106","22, 25, 56, 83, 84, 190, 192, 194, 196, 216, 29, 128","53, 66, 131"
191,WP_010940224.1,"79, 55","26, 60",
192,WP_164928139.1,26,,
193,WP_014524594.1,"64, 108, 122","48, 61, 69, 93, 103, 170, 217, 262","8, 94, 230, 243"
194,WP_014524596.1,"87, 88, 116, 168, 181, 285, 287, 307, 380, 406","89, 165, 291",
195,WP_010940259.1,"42, 86, 106, 115, 157, 291, 334, 1, 116, 142, 143, 194, 262, 81, 309, 312","8, 93, 171, 241, 255, 295, 305, 308, 327, 315, 379","85, 109, 151, 164, 287, 304, 311"
196,WP_014524598.1,"11, 33, 84, 185, 216, 336, 370, 374, 7","206, 319, 100, 266",
197,WP_010940332.1,"8, 57, 60, 80, 145, 147, 149, 152, 153, 156, 158, 166, 175, 177, 178, 180, 181, 182, 185, 192, 194, 195, 201, 210, 218, 222, 230, 234, 239, 244, 249, 250, 253, 255, 256, 262, 263, 274, 278, 283, 289, 293, 295, 300, 303","6, 28, 154, 168","12, 14, 20, 45, 173, 179, 196, 287"
198,WP_010940344.1,"5, 36, 66, 67",24,
199,WP_010940349.1,"21, 22, 32, 46, 58, 61, 102, 105, 119, 122, 126, 131, 157, 160, 163, 179, 217, 227, 269, 277, 313, 314, 324, 327, 341, 342, 358, 364, 23, 184, 205, 319, 323, 396","68, 95, 187, 272, 299, 346, 359","53, 54, 55, 110, 118, 158, 189, 193, 218, 245, 271, 306, 309, 318, 320, 338, 348, 351, 401"
200,WP_010940351.1,"5, 6, 56",,
201,WP_164561964.1,"81, 138, 193","92, 140, 151, 152, 153, 205","84, 85, 210"
202,WP_010940415.1,"50, 99, 127, 149, 186, 192, 208, 223, 275, 349, 370, 372, 430, 431","41, 215","211, 213, 216, 412, 439"
203,WP_010940423.1,"38, 111, 136, 153, 159, 167, 94, 117","116, 155, 187, 225",
204,WP_010940477.1,"125, 132, 160, 227, 279, 282, 284, 288, 303, 338, 341, 343","105, 149, 388","75, 77, 107, 118, 120, 281, 306, 307, 345"
205,WP_010940480.1,"45, 48, 49, 51, 66, 85, 86, 124, 159, 181, 193, 199, 204, 209, 211, 252, 267, 289, 314, 338, 345, 368, 422, 425, 428, 434, 438, 111, 191, 242, 296","11, 151, 163, 321, 400, 407, 430","8, 74, 77, 78, 79, 80, 81, 83, 84, 87, 135, 136, 137, 138, 140, 142, 170, 171, 175, 185, 192, 196, 197, 198, 200, 201, 202, 205, 206, 207, 214, 223, 224, 246, 256, 265, 275, 278, 279, 282, 283, 285, 286, 290, 293, 300, 301, 303, 304, 307, 312, 343, 358, 359, 362, 369, 384, 391, 393, 398, 401, 404, 405, 408, 409, 411, 412, 415, 420, 423, 426"
206,WP_010940508.1,"56, 59, 65, 94, 98, 136, 162, 217, 20",97,"79, 164"
207,WP_010940526.1,"30, 32, 41, 51, 57, 60, 81, 83, 160, 178, 179, 188, 191, 195, 208, 214, 217, 255, 262, 268, 276, 277, 280, 285, 291, 303, 324, 337, 342, 343, 357, 377, 395",,"25, 29, 31, 33, 43, 53, 61, 62, 65, 79, 82, 84, 87, 98, 99, 107, 153, 155, 157, 162, 164, 182, 185, 192, 193, 212, 213, 216, 218, 220, 221, 222, 224, 226, 227, 229, 234, 235, 237, 238, 250, 251, 253, 254, 258, 259, 265, 267, 271, 273, 274, 279, 281, 290, 292, 293, 294, 295, 296, 297, 298, 299, 300, 301, 302, 304, 305, 309, 313, 314, 330, 334, 335, 340, 341, 344, 362, 363, 371, 372, 374, 375, 376, 385, 387, 390, 398"
208,WP_010940532.1,"8, 9, 15, 21, 22, 52, 65, 82, 99, 128, 171, 205, 213, 218","47, 76, 191, 214",
209,WP_011791395.1,"215, 234, 315, 333, 347","151, 231, 289, 307, 312","180, 183, 194, 195, 205, 206, 232, 233, 313, 327, 328"
210,WP_010940553.1,,,
211,WP_010940601.1,"29, 124, 137, 148, 163, 225, 232, 327, 344",,
212,WP_010940614.1,,,"77, 80, 110, 113"
213,WP_010940642.1,"244, 117, 134, 170, 188, 233, 234, 264, 267, 272, 280, 289, 300, 316",260,"139, 155, 159, 165, 168, 207, 211, 218, 222, 243, 262, 265, 276, 327"
214,WP_011176625.1,"48, 27, 142, 156, 168, 208, 216, 296, 355, 372, 429","215, 289","180, 214, 369, 385, 402, 424"
215,WP_014524664.1,"177, 180, 185, 188, 192, 222, 239, 240, 241, 244, 269, 275, 297, 299, 302, 318, 343, 347, 399, 407, 432, 433, 434, 436, 437, 556, 559, 564, 636, 691, 698, 721, 743, 748, 752, 753, 796, 835, 853, 857, 859, 877, 883, 352, 561, 801, 832, 420, 535, 631, 662","165, 166, 186, 189, 200, 237, 248, 293, 311, 314, 330, 341, 345, 348, 394, 440, 483, 493, 498, 506, 507, 534, 536, 538, 547, 567, 595, 639, 661, 688, 689, 695, 804, 849, 860, 878, 888, 890, 892",
216,WP_150103632.1,"70, 98, 119, 222, 225, 240","114, 118, 259","157, 344"
217,WP_014524680.1,"28, 33",47,
218,WP_011176730.1,"60, 218, 221, 51, 81, 173",10,
219,WP_011176726.1,"303, 345, 13, 359, 399",,
